1_f1-score,1_precision,1_recall,1_support,2_f1-score,2_precision,2_recall,2_support,3_f1-score,3_precision,3_recall,3_support,4_f1-score,4_precision,4_recall,4_support,5_f1-score,5_precision,5_recall,5_support,accuracy,description,file,macro avg_f1-score,macro avg_precision,macro avg_recall,macro avg_support,model_name,parm,predict_time_min,score_time_min,status,status_date,test_examples,test_features,total_time_min,train_examples,train_features,train_time_min,weighted avg_f1-score,weighted avg_precision,weighted avg_recall,weighted avg_support,file_load_min,message
0.374015299,0.341891046,0.412802419,3968,0.079861111,0.113974232,0.061464458,1871,0.096101986,0.126614987,0.077439747,2531,0.17477707,0.221433183,0.144360269,4752,0.682566094,0.630572161,0.743904896,14889,0.489486273,review_body-bow-df_90-ngram1-112043-52-lda20,review_body-bow-df_90-ngram1-112043-52-lda.csv,0.281464312,0.286897122,0.287994358,28011,KNN,"{'n_jobs': 6, 'n_neighbors': 5}",0.1,0,success,5/24/19 1:02,28011,20,0.1,84032,20,0,0.45946286,0.440226032,0.489486273,28011,,
0,0,0,3968,0,0,0,1871,0,0,0,2531,0,0,0,4752,0.694125874,0.53154118,1,14889,0.53154118,review_body-bow-df_90-ngram1-112043-52-lda20,review_body-bow-df_90-ngram1-112043-52-lda.csv,0.138825175,0.106308236,0.2,28011,RN,"{'n_jobs': 6, 'radius': 30}",6.3,0,success,5/24/19 1:09,28011,20,6.3,84032,20,0,0.368956486,0.282536026,0.53154118,28011,,
0.414703598,0.42629058,0.403729839,3968,0,0,0,1871,0,0,0,2531,0.00084122,0.666666667,0.000420875,4752,0.725670048,0.585608247,0.95379139,14889,0.564242619,review_body-bow-df_90-ngram1-112043-52-lda20,review_body-bow-df_90-ngram1-112043-52-lda.csv,0.228242973,0.335713099,0.271588421,28011,LR,"{'n_jobs': 6, 'c': 1, 'max_iter': 300}",0,0,success,5/24/19 1:09,28011,20,0.1,84032,20,0.1,0.44461257,0.484761066,0.564242619,28011,,
0.392828776,0.357275542,0.436239919,3968,0.080056677,0.118697479,0.06039551,1871,0.098584429,0.136842105,0.077044646,2531,0.188655827,0.229954614,0.15993266,4752,0.683470794,0.632749943,0.743031768,14889,0.494877013,review_body-bow-df_90-ngram12-112043-56-lda20,review_body-bow-df_90-ngram12-112043-56-lda.csv,0.2887193,0.295103937,0.295328901,28011,KNN,"{'n_jobs': 6, 'n_neighbors': 5}",0.1,0,success,5/24/19 1:09,28011,20,0.1,84032,20,0,0.465200705,0.446248186,0.494877013,28011,,
0,0,0,3968,0,0,0,1871,0,0,0,2531,0,0,0,4752,0.694125874,0.53154118,1,14889,0.53154118,review_body-bow-df_90-ngram12-112043-56-lda20,review_body-bow-df_90-ngram12-112043-56-lda.csv,0.138825175,0.106308236,0.2,28011,RN,"{'n_jobs': 6, 'radius': 30}",5.8,0,success,5/24/19 1:15,28011,20,5.8,84032,20,0,0.368956486,0.282536026,0.53154118,28011,,
0.424062096,0.435672515,0.413054435,3968,0,0,0,1871,0,0,0,2531,0.000420256,0.142857143,0.000210438,4752,0.728527255,0.58798779,0.957351065,14889,0.567419942,review_body-bow-df_90-ngram12-112043-56-lda20,review_body-bow-df_90-ngram12-112043-56-lda.csv,0.230601921,0.233303489,0.274123188,28011,LR,"{'n_jobs': 6, 'c': 1, 'max_iter': 300}",0,0,success,5/24/19 1:15,28011,20,0.1,84032,20,0.1,0.44738559,0.398491874,0.567419942,28011,,
0.344778761,0.324162414,0.368195565,3968,0.06707984,0.105504587,0.049171566,1871,0.099976531,0.123121387,0.08415646,2531,0.176798379,0.222010178,0.146885522,4752,0.667993996,0.614033112,0.732352744,14889,0.477241084,review_body-tfidf-df_90-ngram11-112043-52-lda20,review_body-tfidf-df_90-ngram11-112043-52-lda.csv,0.271325501,0.277766336,0.276152371,28011,KNN,"{'n_jobs': 6, 'n_neighbors': 5}",0.1,0,success,5/24/19 1:15,28011,20,0.1,84032,20,0,0.447414859,0.428139914,0.477241084,28011,,
0,0,0,3968,0,0,0,1871,0,0,0,2531,0,0,0,4752,0.694125874,0.53154118,1,14889,0.53154118,review_body-tfidf-df_90-ngram11-112043-52-lda20,review_body-tfidf-df_90-ngram11-112043-52-lda.csv,0.138825175,0.106308236,0.2,28011,RN,"{'n_jobs': 6, 'radius': 30}",5.6,0,success,5/24/19 1:20,28011,20,5.6,84032,20,0,0.368956486,0.282536026,0.53154118,28011,,
0.314947781,0.446759259,0.243195565,3968,0,0,0,1871,0,0,0,2531,0,0,0,4752,0.711732941,0.560829368,0.973739002,14889,0.55203313,review_body-tfidf-df_90-ngram11-112043-52-lda20,review_body-tfidf-df_90-ngram11-112043-52-lda.csv,0.205336144,0.201517726,0.243386913,28011,LR,"{'n_jobs': 6, 'c': 1, 'max_iter': 300}",0,0,success,5/24/19 1:20,28011,20,0.1,84032,20,0.1,0.42293044,0.361391211,0.55203313,28011,,
0.34722717,0.328317988,0.368447581,3968,0.076974565,0.102954342,0.061464458,1871,0.104072398,0.143054596,0.081785855,2531,0.169602416,0.210888611,0.141835017,4752,0.675253159,0.620069671,0.741218349,14889,0.481739317,review_body-tfidf-df_90-ngram12-112043-56-lda20,review_body-tfidf-df_90-ngram12-112043-56-lda.csv,0.274625942,0.281057041,0.278950252,28011,KNN,"{'n_jobs': 6, 'n_neighbors': 5}",0.1,0,success,5/24/19 1:21,28011,20,0.1,84032,20,0,0.451430475,0.431681287,0.481739317,28011,,
0,0,0,3968,0,0,0,1871,0,0,0,2531,0,0,0,4752,0.694125874,0.53154118,1,14889,0.53154118,review_body-tfidf-df_90-ngram12-112043-56-lda20,review_body-tfidf-df_90-ngram12-112043-56-lda.csv,0.138825175,0.106308236,0.2,28011,RN,"{'n_jobs': 6, 'radius': 30}",5.6,0,success,5/24/19 1:26,28011,20,5.6,84032,20,0,0.368956486,0.282536026,0.53154118,28011,,
0.298864497,0.374288965,0.248739919,3968,0,0,0,1871,0,0,0,2531,0,0,0,4752,0.712167499,0.565027193,0.96292565,14889,0.547070794,review_body-tfidf-df_90-ngram12-112043-56-lda20,review_body-tfidf-df_90-ngram12-112043-56-lda.csv,0.202206399,0.187863232,0.242333114,28011,LR,"{'n_jobs': 6, 'c': 1, 'max_iter': 300}",0,0,success,5/24/19 1:26,28011,20,0.1,84032,20,0.1,0.420883089,0.353356485,0.547070794,28011,,
0.34722717,0.328317988,0.368447581,3968,0.076974565,0.102954342,0.061464458,1871,0.104072398,0.143054596,0.081785855,2531,0.169602416,0.210888611,0.141835017,4752,0.675253159,0.620069671,0.741218349,14889,0.481739317,review_body-tfidf-df_90-ngram13-112043-56-lda20,review_body-tfidf-df_90-ngram13-112043-56-lda.csv,0.274625942,0.281057041,0.278950252,28011,KNN,"{'n_jobs': 6, 'n_neighbors': 5}",0.1,0,success,5/24/19 1:26,28011,20,0.1,84032,20,0,0.451430475,0.431681287,0.481739317,28011,,
0,0,0,3968,0,0,0,1871,0,0,0,2531,0,0,0,4752,0.694125874,0.53154118,1,14889,0.53154118,review_body-tfidf-df_90-ngram13-112043-56-lda20,review_body-tfidf-df_90-ngram13-112043-56-lda.csv,0.138825175,0.106308236,0.2,28011,RN,"{'n_jobs': 6, 'radius': 30}",5.4,0,success,5/24/19 1:32,28011,20,5.4,84032,20,0,0.368956486,0.282536026,0.53154118,28011,,
0.298864497,0.374288965,0.248739919,3968,0,0,0,1871,0,0,0,2531,0,0,0,4752,0.712167499,0.565027193,0.96292565,14889,0.547070794,review_body-tfidf-df_90-ngram13-112043-56-lda20,review_body-tfidf-df_90-ngram13-112043-56-lda.csv,0.202206399,0.187863232,0.242333114,28011,LR,"{'n_jobs': 6, 'c': 1, 'max_iter': 300}",0,0,success,5/24/19 1:32,28011,20,0.1,84032,20,0.1,0.420883089,0.353356485,0.547070794,28011,,
0.398261975,0.343635699,0.473538306,3968,0.075124026,0.111461619,0.056654196,1871,0.085801273,0.143253235,0.061240616,2531,0.179955703,0.262944984,0.136784512,4752,0.697482309,0.63660051,0.771240513,14889,0.50954982,review_body-bow-df_80-ngram1-112043-20,review_body-bow-df_80-ngram1-112043-20.csv,0.287325057,0.299579209,0.299891629,28011,KNN,"{'n_jobs': 6, 'n_neighbors': 5}",0.2,0,success,5/24/19 1:32,28011,20,0.4,84032,20,0.2,0.470457577,0.45205543,0.50954982,28011,,
0,0,0,3968,0,0,0,1871,0,0,0,2531,0.000420698,0.5,0.000210438,4752,0.694127794,0.531562411,0.999932836,14889,0.53154118,review_body-bow-df_80-ngram1-112043-20,review_body-bow-df_80-ngram1-112043-20.csv,0.138909699,0.206312482,0.200028655,28011,RN,"{'n_jobs': 6, 'radius': 30}",5,0,success,5/24/19 1:37,28011,20,5.1,84032,20,0.1,0.369028878,0.36737113,0.53154118,28011,,
0.345712976,0.439223301,0.285030242,3968,0.005194805,0.092592593,0.002672368,1871,0.02276176,0.285714286,0.011853023,2531,0.047072331,0.259493671,0.025883838,4752,0.717524942,0.574124098,0.956410773,14889,0.554389347,review_body-bow-df_80-ngram1-112043-20,review_body-bow-df_80-ngram1-112043-20.csv,0.227653363,0.33022959,0.256370049,28011,LR,"{'n_jobs': 6, 'c': 1, 'max_iter': 300}",0,0,success,5/24/19 1:37,28011,20,0.1,84032,20,0.1,0.440756673,0.44341399,0.554389347,28011,,
0.398261975,0.343635699,0.473538306,3968,0.075124026,0.111461619,0.056654196,1871,0.085801273,0.143253235,0.061240616,2531,0.179955703,0.262944984,0.136784512,4752,0.697482309,0.63660051,0.771240513,14889,0.50954982,review_body-bow-df_80-ngram12-112043-20,review_body-bow-df_80-ngram12-112043-20.csv,0.287325057,0.299579209,0.299891629,28011,KNN,"{'n_jobs': 6, 'n_neighbors': 5}",0.2,0,success,5/24/19 1:38,28011,20,0.4,84032,20,0.2,0.470457577,0.45205543,0.50954982,28011,,
0,0,0,3968,0,0,0,1871,0,0,0,2531,0.000420698,0.5,0.000210438,4752,0.694127794,0.531562411,0.999932836,14889,0.53154118,review_body-bow-df_80-ngram12-112043-20,review_body-bow-df_80-ngram12-112043-20.csv,0.138909699,0.206312482,0.200028655,28011,RN,"{'n_jobs': 6, 'radius': 30}",5,0,success,5/24/19 1:43,28011,20,5.1,84032,20,0.1,0.369028878,0.36737113,0.53154118,28011,,
0.345712976,0.439223301,0.285030242,3968,0.005194805,0.092592593,0.002672368,1871,0.02276176,0.285714286,0.011853023,2531,0.047072331,0.259493671,0.025883838,4752,0.717524942,0.574124098,0.956410773,14889,0.554389347,review_body-bow-df_80-ngram12-112043-20,review_body-bow-df_80-ngram12-112043-20.csv,0.227653363,0.33022959,0.256370049,28011,LR,"{'n_jobs': 6, 'c': 1, 'max_iter': 300}",0,0,success,5/24/19 1:43,28011,20,0,84032,20,0,0.440756673,0.44341399,0.554389347,28011,,
0.398261975,0.343635699,0.473538306,3968,0.075124026,0.111461619,0.056654196,1871,0.085801273,0.143253235,0.061240616,2531,0.179955703,0.262944984,0.136784512,4752,0.697482309,0.63660051,0.771240513,14889,0.50954982,review_body-bow-df_80-ngram13-112043-20,review_body-bow-df_80-ngram13-112043-20.csv,0.287325057,0.299579209,0.299891629,28011,KNN,"{'n_jobs': 6, 'n_neighbors': 5}",0.2,0,success,5/24/19 1:43,28011,20,0.4,84032,20,0.2,0.470457577,0.45205543,0.50954982,28011,,
0,0,0,3968,0,0,0,1871,0,0,0,2531,0.000420698,0.5,0.000210438,4752,0.694127794,0.531562411,0.999932836,14889,0.53154118,review_body-bow-df_80-ngram13-112043-20,review_body-bow-df_80-ngram13-112043-20.csv,0.138909699,0.206312482,0.200028655,28011,RN,"{'n_jobs': 6, 'radius': 30}",5,0,success,5/24/19 1:48,28011,20,5.1,84032,20,0.1,0.369028878,0.36737113,0.53154118,28011,,
0.345712976,0.439223301,0.285030242,3968,0.005194805,0.092592593,0.002672368,1871,0.02276176,0.285714286,0.011853023,2531,0.047072331,0.259493671,0.025883838,4752,0.717524942,0.574124098,0.956410773,14889,0.554389347,review_body-bow-df_80-ngram13-112043-20,review_body-bow-df_80-ngram13-112043-20.csv,0.227653363,0.33022959,0.256370049,28011,LR,"{'n_jobs': 6, 'c': 1, 'max_iter': 300}",0,0,success,5/24/19 1:48,28011,20,0.1,84032,20,0.1,0.440756673,0.44341399,0.554389347,28011,,
0.42482431,0.349796251,0.540826613,3968,0.094075079,0.081536652,0.111170497,1871,0.117705242,0.157303371,0.094033979,2531,0.185611706,0.260555344,0.144149832,4752,0.677440809,0.670881907,0.684129223,14889,0.480632609,review_body-bow-df_90-ngram1-112043-52,review_body-bow-df_90-ngram1-112043-52.csv,0.299931429,0.304014705,0.314862029,28011,KNN,"{'n_jobs': 6, 'n_neighbors': 5}",0.6,0,success,5/24/19 1:49,28011,52,0.8,84032,52,0.2,0.468675603,0.470015392,0.480632609,28011,,
,,,,,,,,,,,,,,,,,,,,,review_body-bow-df_90-ngram1-112043-52,review_body-bow-df_90-ngram1-112043-52.csv,,,,,RN,"{'n_jobs': 6, 'radius': 30}",,,failed,5/24/19 1:51,,,,,,,,,,,,"No neighbors found for test samples [13774], you can try using larger radius, give a label for outliers, or consider removing them from your dataset."
0.484248894,0.500807754,0.46875,3968,0.021233569,0.196261682,0.011223944,1871,0.04111071,0.23553719,0.022520743,2531,0.084288355,0.346504559,0.047979798,4752,0.736425784,0.603606698,0.944186984,14889,0.579201028,review_body-bow-df_90-ngram1-112043-52,review_body-bow-df_90-ngram1-112043-52.csv,0.273461462,0.376543577,0.298932294,28011,LR,"{'n_jobs': 6, 'c': 1, 'max_iter': 300}",0,0,success,5/24/19 1:51,28011,52,0.1,84032,52,0.1,0.479470943,0.484961094,0.579201028,28011,,
0.420140242,0.342380952,0.54359879,3968,0.095862537,0.0830721,0.113308391,1871,0.11502231,0.154357951,0.091663374,2531,0.181893117,0.261970716,0.139309764,4752,0.679059231,0.673673078,0.684532205,14889,0.480347007,review_body-bow-df_90-ngram12-112043-56,review_body-bow-df_90-ngram12-112043-56.csv,0.298395487,0.30309096,0.314482505,28011,KNN,"{'n_jobs': 6, 'n_neighbors': 5}",0.6,0,success,5/24/19 1:52,28011,56,0.8,84032,56,0.2,0.468118444,0.470525108,0.480347007,28011,,
,,,,,,,,,,,,,,,,,,,,,review_body-bow-df_90-ngram12-112043-56,review_body-bow-df_90-ngram12-112043-56.csv,,,,,RN,"{'n_jobs': 6, 'radius': 30}",,,failed,5/24/19 1:53,,,,,,,,,,,,"No neighbors found for test samples [13595, 13774], you can try using larger radius, give a label for outliers, or consider removing them from your dataset."
0.483050847,0.508928571,0.459677419,3968,0.02124431,0.198113208,0.011223944,1871,0.040302267,0.225806452,0.022125642,2531,0.086876495,0.346549192,0.0496633,4752,0.735508477,0.601829685,0.945530257,14889,0.578879726,review_body-bow-df_90-ngram12-112043-56,review_body-bow-df_90-ngram12-112043-56.csv,0.273396479,0.376245422,0.297644113,28011,LR,"{'n_jobs': 6, 'c': 1, 'max_iter': 300}",0,0,success,5/24/19 1:53,28011,56,0.1,84032,56,0.1,0.479180383,0.484418923,0.578879726,28011,,
0.392828776,0.357275542,0.436239919,3968,0.080056677,0.118697479,0.06039551,1871,0.098584429,0.136842105,0.077044646,2531,0.188655827,0.229954614,0.15993266,4752,0.683470794,0.632749943,0.743031768,14889,0.494877013,review_body-bow-df_90-ngram13-112043-56-lda20,review_body-bow-df_90-ngram13-112043-56-lda.csv,0.2887193,0.295103937,0.295328901,28011,KNN,"{'n_jobs': 6, 'n_neighbors': 5}",0.1,0,success,5/24/19 1:53,28011,20,0.1,84032,20,0,0.465200705,0.446248186,0.494877013,28011,,
0,0,0,3968,0,0,0,1871,0,0,0,2531,0,0,0,4752,0.694125874,0.53154118,1,14889,0.53154118,review_body-bow-df_90-ngram13-112043-56-lda20,review_body-bow-df_90-ngram13-112043-56-lda.csv,0.138825175,0.106308236,0.2,28011,RN,"{'n_jobs': 6, 'radius': 30}",5.4,0,success,5/24/19 1:59,28011,20,5.4,84032,20,0,0.368956486,0.282536026,0.53154118,28011,,
0.424062096,0.435672515,0.413054435,3968,0,0,0,1871,0,0,0,2531,0.000420256,0.142857143,0.000210438,4752,0.728527255,0.58798779,0.957351065,14889,0.567419942,review_body-bow-df_90-ngram13-112043-56-lda20,review_body-bow-df_90-ngram13-112043-56-lda.csv,0.230601921,0.233303489,0.274123188,28011,LR,"{'n_jobs': 6, 'c': 1, 'max_iter': 300}",0,0,success,5/24/19 1:59,28011,20,0.1,84032,20,0.1,0.44738559,0.398491874,0.567419942,28011,,
0.420140242,0.342380952,0.54359879,3968,0.095862537,0.0830721,0.113308391,1871,0.11502231,0.154357951,0.091663374,2531,0.181893117,0.261970716,0.139309764,4752,0.679059231,0.673673078,0.684532205,14889,0.480347007,review_body-bow-df_90-ngram13-112043-56,review_body-bow-df_90-ngram13-112043-56.csv,0.298395487,0.30309096,0.314482505,28011,KNN,"{'n_jobs': 6, 'n_neighbors': 5}",0.6,0,success,5/24/19 2:00,28011,56,0.8,84032,56,0.2,0.468118444,0.470525108,0.480347007,28011,,
,,,,,,,,,,,,,,,,,,,,,review_body-bow-df_90-ngram13-112043-56,review_body-bow-df_90-ngram13-112043-56.csv,,,,,RN,"{'n_jobs': 6, 'radius': 30}",,,failed,5/24/19 2:01,,,,,,,,,,,,"No neighbors found for test samples [13595, 13774], you can try using larger radius, give a label for outliers, or consider removing them from your dataset."
0.483050847,0.508928571,0.459677419,3968,0.02124431,0.198113208,0.011223944,1871,0.040302267,0.225806452,0.022125642,2531,0.086876495,0.346549192,0.0496633,4752,0.735508477,0.601829685,0.945530257,14889,0.578879726,review_body-bow-df_90-ngram13-112043-56,review_body-bow-df_90-ngram13-112043-56.csv,0.273396479,0.376245422,0.297644113,28011,LR,"{'n_jobs': 6, 'c': 1, 'max_iter': 300}",0,0,success,5/24/19 2:01,28011,56,0.1,84032,56,0.1,0.479180383,0.484418923,0.578879726,28011,,
0.37716382,0.34595163,0.414566532,3968,0.105197245,0.126984127,0.089791555,1871,0.110479285,0.17555938,0.080600553,2531,0.199881141,0.18880988,0.21233165,4752,0.655099617,0.643676671,0.666935321,14889,0.462532576,review_body-tfidf-df_80-ngram11-112043-20,review_body-tfidf-df_80-ngram11-112043-20.csv,0.289564222,0.296196338,0.292845122,28011,KNN,"{'n_jobs': 6, 'n_neighbors': 5}",0.2,0,success,5/24/19 2:02,28011,20,0.4,84032,20,0.2,0.452559585,0.447523854,0.462532576,28011,,
0,0,0,3968,0,0,0,1871,0,0,0,2531,0,0,0,4752,0.694125874,0.53154118,1,14889,0.53154118,review_body-tfidf-df_80-ngram11-112043-20,review_body-tfidf-df_80-ngram11-112043-20.csv,0.138825175,0.106308236,0.2,28011,RN,"{'n_jobs': 6, 'radius': 30}",5,0,success,5/24/19 2:07,28011,20,5.2,84032,20,0.2,0.368956486,0.282536026,0.53154118,28011,,
0.436523438,0.423295455,0.450604839,3968,0,0,0,1871,0.003143418,0.285714286,0.001580403,2531,0.024242424,0.303030303,0.012626263,4752,0.730969218,0.59630965,0.944186984,14889,0.567991146,review_body-tfidf-df_80-ngram11-112043-20,review_body-tfidf-df_80-ngram11-112043-20.csv,0.2389757,0.321669939,0.281799698,28011,LR,"{'n_jobs': 6, 'c': 1, 'max_iter': 300}",0,0,success,5/24/19 2:07,28011,20,0.1,84032,20,0.1,0.454774256,0.454151355,0.567991146,28011,,
0.37716382,0.34595163,0.414566532,3968,0.105197245,0.126984127,0.089791555,1871,0.110479285,0.17555938,0.080600553,2531,0.199881141,0.18880988,0.21233165,4752,0.655099617,0.643676671,0.666935321,14889,0.462532576,review_body-tfidf-df_80-ngram12-112043-20,review_body-tfidf-df_80-ngram12-112043-20.csv,0.289564222,0.296196338,0.292845122,28011,KNN,"{'n_jobs': 6, 'n_neighbors': 5}",0.2,0,success,5/24/19 2:07,28011,20,0.4,84032,20,0.2,0.452559585,0.447523854,0.462532576,28011,,
0,0,0,3968,0,0,0,1871,0,0,0,2531,0,0,0,4752,0.694125874,0.53154118,1,14889,0.53154118,review_body-tfidf-df_80-ngram12-112043-20,review_body-tfidf-df_80-ngram12-112043-20.csv,0.138825175,0.106308236,0.2,28011,RN,"{'n_jobs': 6, 'radius': 30}",5,0,success,5/24/19 2:13,28011,20,5.2,84032,20,0.2,0.368956486,0.282536026,0.53154118,28011,,
0.436523438,0.423295455,0.450604839,3968,0,0,0,1871,0.003143418,0.285714286,0.001580403,2531,0.024242424,0.303030303,0.012626263,4752,0.730969218,0.59630965,0.944186984,14889,0.567991146,review_body-tfidf-df_80-ngram12-112043-20,review_body-tfidf-df_80-ngram12-112043-20.csv,0.2389757,0.321669939,0.281799698,28011,LR,"{'n_jobs': 6, 'c': 1, 'max_iter': 300}",0,0,success,5/24/19 2:13,28011,20,0.1,84032,20,0.1,0.454774256,0.454151355,0.567991146,28011,,
0.37716382,0.34595163,0.414566532,3968,0.105197245,0.126984127,0.089791555,1871,0.110479285,0.17555938,0.080600553,2531,0.199881141,0.18880988,0.21233165,4752,0.655099617,0.643676671,0.666935321,14889,0.462532576,review_body-tfidf-df_80-ngram13-112043-20,review_body-tfidf-df_80-ngram13-112043-20.csv,0.289564222,0.296196338,0.292845122,28011,KNN,"{'n_jobs': 6, 'n_neighbors': 5}",0.2,0,success,5/24/19 2:13,28011,20,0.4,84032,20,0.2,0.452559585,0.447523854,0.462532576,28011,,
0,0,0,3968,0,0,0,1871,0,0,0,2531,0,0,0,4752,0.694125874,0.53154118,1,14889,0.53154118,review_body-tfidf-df_80-ngram13-112043-20,review_body-tfidf-df_80-ngram13-112043-20.csv,0.138825175,0.106308236,0.2,28011,RN,"{'n_jobs': 6, 'radius': 30}",5.1,0,success,5/24/19 2:18,28011,20,5.3,84032,20,0.2,0.368956486,0.282536026,0.53154118,28011,,
0.436523438,0.423295455,0.450604839,3968,0,0,0,1871,0.003143418,0.285714286,0.001580403,2531,0.024242424,0.303030303,0.012626263,4752,0.730969218,0.59630965,0.944186984,14889,0.567991146,review_body-tfidf-df_80-ngram13-112043-20,review_body-tfidf-df_80-ngram13-112043-20.csv,0.2389757,0.321669939,0.281799698,28011,LR,"{'n_jobs': 6, 'c': 1, 'max_iter': 300}",0,0,success,5/24/19 2:18,28011,20,0,84032,20,0,0.454774256,0.454151355,0.567991146,28011,,
0.407101865,0.315979955,0.572076613,3968,0.088478046,0.115716753,0.071619455,1871,0.131777292,0.171302149,0.107072303,2531,0.192557897,0.252215406,0.155723906,4752,0.672591705,0.66673266,0.678554638,14889,0.482596123,review_body-tfidf-df_90-ngram11-112043-52,review_body-tfidf-df_90-ngram11-112043-52.csv,0.298501361,0.304389385,0.317009383,28011,KNN,"{'n_jobs': 6, 'n_neighbors': 5}",0.8,0,success,5/24/19 2:19,28011,52,1.1,84032,52,0.3,0.465663631,0.465152634,0.482596123,28011,,
0,0,0,3968,0,0,0,1871,0,0,0,2531,0,0,0,4752,0.694125874,0.53154118,1,14889,0.53154118,review_body-tfidf-df_90-ngram11-112043-52,review_body-tfidf-df_90-ngram11-112043-52.csv,0.138825175,0.106308236,0.2,28011,RN,"{'n_jobs': 6, 'radius': 30}",5.3,0,success,5/24/19 2:25,28011,52,5.6,84032,52,0.3,0.368956486,0.282536026,0.53154118,28011,,
0.502488741,0.474272931,0.534274194,3968,0.00529661,0.294117647,0.002672368,1871,0.04586822,0.291666667,0.024891347,2531,0.106709493,0.350938967,0.062920875,4752,0.744088901,0.618721055,0.933172141,14889,0.584805969,review_body-tfidf-df_90-ngram11-112043-52,review_body-tfidf-df_90-ngram11-112043-52.csv,0.280890393,0.405943453,0.311586185,28011,LR,"{'n_jobs': 6, 'c': 1, 'max_iter': 300}",0,0,success,5/24/19 2:25,28011,52,0.1,84032,52,0.1,0.489297094,0.501596415,0.584805969,28011,,
0.426435219,0.364432529,0.513860887,3968,0.084600132,0.110822511,0.068412614,1871,0.12962963,0.169103624,0.1050968,2531,0.191011236,0.251895245,0.153829966,4752,0.697900552,0.658465388,0.742360132,14889,0.507550605,review_body-tfidf-df_90-ngram12-112043-56,review_body-tfidf-df_90-ngram12-112043-56.csv,0.305915354,0.310943859,0.31671208,28011,KNN,"{'n_jobs': 6, 'n_neighbors': 5}",0.8,0,success,5/24/19 2:26,28011,56,1.1,84032,56,0.3,0.481139592,0.467042084,0.507550605,28011,,
0,0,0,3968,0,0,0,1871,0,0,0,2531,0,0,0,4752,0.694125874,0.53154118,1,14889,0.53154118,review_body-tfidf-df_90-ngram12-112043-56,review_body-tfidf-df_90-ngram12-112043-56.csv,0.138825175,0.106308236,0.2,28011,RN,"{'n_jobs': 6, 'radius': 30}",5.1,0,success,5/24/19 2:32,28011,56,5.4,84032,56,0.3,0.368956486,0.282536026,0.53154118,28011,,
0.501535554,0.47198755,0.535030242,3968,0.006342495,0.285714286,0.003206841,1871,0.051430641,0.308695652,0.028052153,2531,0.105939005,0.347368421,0.0625,4752,0.74479837,0.619850939,0.932836322,14889,0.58498447,review_body-tfidf-df_90-ngram12-112043-56,review_body-tfidf-df_90-ngram12-112043-56.csv,0.282009213,0.40672337,0.312325112,28011,LR,"{'n_jobs': 6, 'c': 1, 'max_iter': 300}",0,0,success,5/24/19 2:32,28011,56,0.1,84032,56,0.1,0.489980933,0.502244907,0.58498447,28011,,
0.426435219,0.364432529,0.513860887,3968,0.084600132,0.110822511,0.068412614,1871,0.12962963,0.169103624,0.1050968,2531,0.191011236,0.251895245,0.153829966,4752,0.697900552,0.658465388,0.742360132,14889,0.507550605,review_body-tfidf-df_90-ngram13-112043-56,review_body-tfidf-df_90-ngram13-112043-56.csv,0.305915354,0.310943859,0.31671208,28011,KNN,"{'n_jobs': 6, 'n_neighbors': 5}",0.8,0,success,5/24/19 2:33,28011,56,1.1,84032,56,0.3,0.481139592,0.467042084,0.507550605,28011,,
0,0,0,3968,0,0,0,1871,0,0,0,2531,0,0,0,4752,0.694125874,0.53154118,1,14889,0.53154118,review_body-tfidf-df_90-ngram13-112043-56,review_body-tfidf-df_90-ngram13-112043-56.csv,0.138825175,0.106308236,0.2,28011,RN,"{'n_jobs': 6, 'radius': 30}",5.1,0,success,5/24/19 2:38,28011,56,5.4,84032,56,0.3,0.368956486,0.282536026,0.53154118,28011,,
0.501535554,0.47198755,0.535030242,3968,0.006342495,0.285714286,0.003206841,1871,0.051430641,0.308695652,0.028052153,2531,0.105939005,0.347368421,0.0625,4752,0.74479837,0.619850939,0.932836322,14889,0.58498447,review_body-tfidf-df_90-ngram13-112043-56,review_body-tfidf-df_90-ngram13-112043-56.csv,0.282009213,0.40672337,0.312325112,28011,LR,"{'n_jobs': 6, 'c': 1, 'max_iter': 300}",0,0,success,5/24/19 2:38,28011,56,0.1,84032,56,0.1,0.489980933,0.502244907,0.58498447,28011,,
0.519707086,0.453742008,0.608114919,3968,0.111146804,0.139291465,0.092463923,1871,0.152546243,0.180735931,0.131963651,2531,0.184146498,0.235197906,0.151304714,4752,0.731668522,0.695032032,0.772382296,14889,0.540466245,review_body-bow-df_default-ngram1-112043-47308-lda20,review_body-bow-df_default-ngram1-112043-47308-lda20.csv,0.339843031,0.340799869,0.351245901,28011,KNN,"{'n_jobs': 6, 'n_neighbors': 5}",0.1,0,success,5/24/19 2:39,28011,20,0.1,84032,20,0,0.514980712,0.49925021,0.540466245,28011,,
0,0,0,3968,0,0,0,1871,0,0,0,2531,0,0,0,4752,0.694125874,0.53154118,1,14889,0.53154118,review_body-bow-df_default-ngram1-112043-47308-lda20,review_body-bow-df_default-ngram1-112043-47308-lda20.csv,0.138825175,0.106308236,0.2,28011,RN,"{'n_jobs': 6, 'radius': 30}",5.6,0,success,5/24/19 2:44,28011,20,5.6,84032,20,0,0.368956486,0.282536026,0.53154118,28011,,
0.576669802,0.540564374,0.617943548,3968,0,0,0,1871,0.061686086,0.23255814,0.035559068,2531,0.00251046,0.214285714,0.001262626,4752,0.751534955,0.618386817,0.957754047,14889,0.60004998,review_body-bow-df_default-ngram1-112043-47308-lda20,review_body-bow-df_default-ngram1-112043-47308-lda20.csv,0.278480261,0.321159009,0.322503858,28011,LR,"{'n_jobs': 6, 'c': 1, 'max_iter': 300}",0,0,success,5/24/19 2:44,28011,20,0.1,84032,20,0.1,0.487161719,0.462640074,0.60004998,28011,,
0.473014399,0.374577019,0.641633065,3968,0.115537849,0.152497809,0.092998397,1871,0.120418848,0.178432894,0.090873173,2531,0.160440197,0.257195915,0.116582492,4752,0.724388464,0.686470235,0.766740547,14889,0.532647888,review_body-bow-df_95-ngram1-112043-147,review_body-bow-df_95-ngram1-112043-147.csv,0.318759951,0.329834774,0.341765534,28011,KNN,"{'n_jobs': 6, 'n_neighbors': 5}",2.14,0,success,5/25/19 1:44,28011,147,2.36,84032,147,0.2,0.497865275,0.487890792,0.532647888,28011,0.02,
,,,,,,,,,,,,,,,,,,,,,review_body-bow-df_95-ngram1-112043-147,review_body-bow-df_95-ngram1-112043-147.csv,,,,,RN,"{'n_jobs': 6, 'radius': 30}",,,failed,5/25/19 1:47,,,,,,,,,,,0.02,"No neighbors found for test samples [2407, 3178, 4262, 11477, 13595, 13644, 13774, 16170, 20138, 24085], you can try using larger radius, give a label for outliers, or consider removing them from your dataset."
0.586708707,0.565451145,0.609627016,3968,0.053588517,0.255707763,0.029930518,1871,0.110684581,0.290756303,0.06835243,2531,0.137812231,0.379867047,0.084175084,4752,0.764140933,0.642229946,0.943179529,14889,0.610153154,review_body-bow-df_95-ngram1-112043-147,review_body-bow-df_95-ngram1-112043-147.csv,0.330586994,0.426802441,0.347052915,28011,LR,"{'n_jobs': 6, 'c': 1, 'max_iter': 300}",0,0,success,5/25/19 1:48,28011,147,0.25,84032,147,0.23,0.526244869,0.529268268,0.610153154,28011,0.02,
0.470610293,0.374682788,0.632560484,3968,0.110121991,0.143717728,0.089257082,1871,0.120292887,0.177880897,0.090873173,2531,0.165286855,0.266760431,0.119739057,4752,0.726220226,0.686378857,0.770971858,14889,0.533897397,review_body-bow-df_95-ngram12-112043-157,review_body-bow-df_95-ngram12-112043-157.csv,0.318506451,0.32988414,0.340680331,28011,KNN,"{'n_jobs': 6, 'n_neighbors': 5}",1.95,0,success,5/25/19 1:50,28011,157,2.16,84032,157,0.19,0.498947459,0.488843458,0.533897397,28011,0.02,
,,,,,,,,,,,,,,,,,,,,,review_body-bow-df_95-ngram12-112043-157,review_body-bow-df_95-ngram12-112043-157.csv,,,,,RN,"{'n_jobs': 6, 'radius': 30}",,,failed,5/25/19 1:53,,,,,,,,,,,0.02,"No neighbors found for test samples [2407, 3178, 4262, 11477, 13595, 13644, 13774, 16170, 20138, 24085], you can try using larger radius, give a label for outliers, or consider removing them from your dataset."
0.588509127,0.572586412,0.605342742,3968,0.06121473,0.290909091,0.034206307,1871,0.11318328,0.303972366,0.069537732,2531,0.141635306,0.378427788,0.087121212,4752,0.763935673,0.641381198,0.944388475,14889,0.611081361,review_body-bow-df_95-ngram12-112043-157,review_body-bow-df_95-ngram12-112043-157.csv,0.333695623,0.437455371,0.348119294,28011,LR,"{'n_jobs': 6, 'c': 1, 'max_iter': 300}",0,0,success,5/25/19 1:53,28011,157,0.39,84032,157,0.37,0.527774555,0.533129176,0.611081361,28011,0.02,
0.470610293,0.374682788,0.632560484,3968,0.110121991,0.143717728,0.089257082,1871,0.120292887,0.177880897,0.090873173,2531,0.165286855,0.266760431,0.119739057,4752,0.726220226,0.686378857,0.770971858,14889,0.533897397,review_body-bow-df_95-ngram13-112043-157,review_body-bow-df_95-ngram13-112043-157.csv,0.318506451,0.32988414,0.340680331,28011,KNN,"{'n_jobs': 6, 'n_neighbors': 5}",1.86,0,success,5/25/19 1:55,28011,157,2.07,84032,157,0.19,0.498947459,0.488843458,0.533897397,28011,0.02,
,,,,,,,,,,,,,,,,,,,,,review_body-bow-df_95-ngram13-112043-157,review_body-bow-df_95-ngram13-112043-157.csv,,,,,RN,"{'n_jobs': 6, 'radius': 30}",,,failed,5/25/19 1:58,,,,,,,,,,,0.02,"No neighbors found for test samples [2407, 3178, 4262, 11477, 13595, 13644, 13774, 16170, 20138, 24085], you can try using larger radius, give a label for outliers, or consider removing them from your dataset."
0.588509127,0.572586412,0.605342742,3968,0.06121473,0.290909091,0.034206307,1871,0.11318328,0.303972366,0.069537732,2531,0.141635306,0.378427788,0.087121212,4752,0.763935673,0.641381198,0.944388475,14889,0.611081361,review_body-bow-df_95-ngram13-112043-157,review_body-bow-df_95-ngram13-112043-157.csv,0.333695623,0.437455371,0.348119294,28011,LR,"{'n_jobs': 6, 'c': 1, 'max_iter': 300}",0,0,success,5/25/19 1:59,28011,157,0.4,84032,157,0.38,0.527774555,0.533129176,0.611081361,28011,0.02,
0.48314153,0.402997642,0.603074597,3968,0.107526882,0.153162055,0.082843399,1871,0.136057812,0.184210526,0.107862505,2531,0.194543952,0.281723863,0.148569024,4752,0.729366122,0.682715399,0.782859829,14889,0.542037057,review_body-tfidf-df_95-ngram11-112043-147,review_body-tfidf-df_95-ngram11-112043-147.csv,0.33012726,0.340961897,0.345041871,28011,KNN,"{'n_jobs': 6, 'n_neighbors': 5}",1.93,0,success,5/25/19 2:01,28011,147,2.31,84032,147,0.35,0.508609324,0.494648497,0.542037057,28011,0.03,
0,0,0,3968,0,0,0,1871,0,0,0,2531,0,0,0,4752,0.694125874,0.53154118,1,14889,0.53154118,review_body-tfidf-df_95-ngram11-112043-147,review_body-tfidf-df_95-ngram11-112043-147.csv,0.138825175,0.106308236,0.2,28011,RN,"{'n_jobs': 6, 'radius': 30}",6.88,0,success,5/25/19 2:08,28011,147,7.27,84032,147,0.36,0.368956486,0.282536026,0.53154118,28011,0.03,
0.594413666,0.548339012,0.648941532,3968,0.03898051,0.3,0.020844468,1871,0.140878989,0.295828066,0.092453576,2531,0.190962797,0.395764394,0.125841751,4752,0.772783182,0.661878083,0.928336356,14889,0.6164721,review_body-tfidf-df_95-ngram11-112043-147,review_body-tfidf-df_95-ngram11-112043-147.csv,0.347603829,0.440361911,0.363283537,28011,LR,"{'n_jobs': 6, 'c': 1, 'max_iter': 300}",0,0,success,5/25/19 2:09,28011,147,0.28,84032,147,0.25,0.542699464,0.543401707,0.6164721,28011,0.03,
0.487873321,0.404991681,0.613407258,3968,0.109747785,0.151458137,0.086050241,1871,0.13283208,0.181631254,0.104701699,2531,0.187673515,0.275693312,0.142255892,4752,0.731419977,0.685499501,0.783934448,14889,0.542929563,review_body-tfidf-df_95-ngram12-112043-157,review_body-tfidf-df_95-ngram12-112043-157.csv,0.329909336,0.339854777,0.346069908,28011,KNN,"{'n_jobs': 6, 'n_neighbors': 5}",2.03,0,success,5/25/19 2:11,28011,157,2.41,84032,157,0.35,0.509062655,0.495040897,0.542929563,28011,0.03,
0,0,0,3968,0,0,0,1871,0,0,0,2531,0,0,0,4752,0.694125874,0.53154118,1,14889,0.53154118,review_body-tfidf-df_95-ngram12-112043-157,review_body-tfidf-df_95-ngram12-112043-157.csv,0.138825175,0.106308236,0.2,28011,RN,"{'n_jobs': 6, 'radius': 30}",6.9,0,success,5/25/19 2:18,28011,157,7.29,84032,157,0.36,0.368956486,0.282536026,0.53154118,28011,0.03,
0.596649336,0.550885428,0.650705645,3968,0.037924152,0.285714286,0.020309995,1871,0.14,0.300390117,0.091268273,2531,0.195985459,0.393650794,0.13047138,4752,0.773505709,0.66297309,0.928269192,14889,0.617328907,review_body-tfidf-df_95-ngram12-112043-157,review_body-tfidf-df_95-ngram12-112043-157.csv,0.348812931,0.438722743,0.364204897,28011,LR,"{'n_jobs': 6, 'c': 1, 'max_iter': 300}",0,0,success,5/25/19 2:19,28011,157,0.44,84032,157,0.41,0.544102319,0.5434439,0.617328907,28011,0.03,
0.487873321,0.404991681,0.613407258,3968,0.109747785,0.151458137,0.086050241,1871,0.13283208,0.181631254,0.104701699,2531,0.187673515,0.275693312,0.142255892,4752,0.731419977,0.685499501,0.783934448,14889,0.542929563,review_body-tfidf-df_95-ngram13-112043-157,review_body-tfidf-df_95-ngram13-112043-157.csv,0.329909336,0.339854777,0.346069908,28011,KNN,"{'n_jobs': 6, 'n_neighbors': 5}",2.17,0,success,5/25/19 2:21,28011,157,2.62,84032,157,0.41,0.509062655,0.495040897,0.542929563,28011,0.04,
0,0,0,3968,0,0,0,1871,0,0,0,2531,0,0,0,4752,0.694125874,0.53154118,1,14889,0.53154118,review_body-tfidf-df_95-ngram13-112043-157,review_body-tfidf-df_95-ngram13-112043-157.csv,0.138825175,0.106308236,0.2,28011,RN,"{'n_jobs': 6, 'radius': 30}",6.15,0,success,5/25/19 2:28,28011,157,6.6,84032,157,0.41,0.368956486,0.282536026,0.53154118,28011,0.04,
0.596649336,0.550885428,0.650705645,3968,0.037924152,0.285714286,0.020309995,1871,0.14,0.300390117,0.091268273,2531,0.195985459,0.393650794,0.13047138,4752,0.773505709,0.66297309,0.928269192,14889,0.617328907,review_body-tfidf-df_95-ngram13-112043-157,review_body-tfidf-df_95-ngram13-112043-157.csv,0.348812931,0.438722743,0.364204897,28011,LR,"{'n_jobs': 6, 'c': 1, 'max_iter': 300}",0,0,success,5/25/19 2:28,28011,157,0.45,84032,157,0.41,0.544102319,0.5434439,0.617328907,28011,0.04,